{
  "accuracy": 0.84375,
  "weighted_accuracy": 0.84375,
  "precision": 0.8656716417910447,
  "recall": 0.8405797101449275,
  "f1_score": 0.8529411764705882,
  "roc_auc": 0.9476787030213707,
  "weighted_roc_auc": 0.9476787030213707,
  "confusion_matrix": {
    "true_negative": 50,
    "false_positive": 9,
    "false_negative": 11,
    "true_positive": 58
  }
}