{
  "accuracy": 0.928193904302674,
  "weighted_accuracy": 0.928193904302674,
  "precision": 0.8473167052432853,
  "recall": 0.7744958165301566,
  "f1_score": 0.809271398113812,
  "roc_auc": 0.9432571849668385,
  "weighted_roc_auc": 0.859348753345886,
  "confusion_matrix": {
    "true_negative": 12,
    "false_positive": 0,
    "false_negative": 0,
    "true_positive": 2
  }
}