{
  "accuracy": 0.9494400364879784,
  "weighted_accuracy": 0.9494400364879785,
  "precision": 0.9463155944951109,
  "recall": 0.7876332350077114,
  "f1_score": 0.8597135052066619,
  "roc_auc": 0.9641365757799067,
  "weighted_roc_auc": 0.8724997727794385,
  "confusion_matrix": {
    "true_negative": 12,
    "false_positive": 0,
    "false_negative": 0,
    "true_positive": 2
  }
}